{"properties":{"connectionReferences":{"shared_approvals":{"runtimeSource":"embedded","connection":{"connectionReferenceLogicalName":"cr21b_sharedapprovals_b0d0b"},"api":{"name":"shared_approvals"}},"shared_commondataserviceforapps":{"runtimeSource":"embedded","connection":{"connectionReferenceLogicalName":"cr21b_sharedcommondataserviceforapps_8606b"},"api":{"name":"shared_commondataserviceforapps"}},"shared_office365":{"runtimeSource":"embedded","connection":{"connectionReferenceLogicalName":"cr21b_sharedoffice365_f1545"},"api":{"name":"shared_office365"}},"shared_teams":{"runtimeSource":"embedded","connection":{"connectionReferenceLogicalName":"new_sharedteams_766d2"},"api":{"name":"shared_teams"}}},"definition":{"$schema":"https://schema.management.azure.com/providers/Microsoft.Logic/schemas/2016-06-01/workflowdefinition.json#","contentVersion":"1.0.0.0","parameters":{"$connections":{"defaultValue":{},"type":"Object"},"$authentication":{"defaultValue":{},"type":"SecureObject"}},"triggers":{"When_a_row_is_added,_modified_or_deleted":{"type":"OpenApiConnectionWebhook","inputs":{"host":{"connectionName":"shared_commondataserviceforapps","operationId":"SubscribeWebhookTrigger","apiId":"/providers/Microsoft.PowerApps/apis/shared_commondataserviceforapps"},"parameters":{"subscriptionRequest/message":1,"subscriptionRequest/entityname":"cr21b_deviceorder","subscriptionRequest/scope":4},"authentication":"@parameters('$authentication')"}}},"actions":{"Start_and_wait_for_an_approval":{"runAfter":{},"type":"OpenApiConnectionWebhook","inputs":{"host":{"connectionName":"shared_approvals","operationId":"StartAndWaitForAnApproval","apiId":"/providers/Microsoft.PowerApps/apis/shared_approvals"},"parameters":{"approvalType":"Basic","WebhookApprovalCreationInput/title":"New device requeest for @{triggerOutputs()?['body/cr21b_devicename']}","WebhookApprovalCreationInput/assignedTo":"@{triggerOutputs()?['body/cr21b_approver']};","WebhookApprovalCreationInput/details":"A new device has been requested\n@{triggerOutputs()?['body/cr21b_devicename']} $@{triggerOutputs()?['body/cr21b_price']}\nDepartment Contribution: $@{triggerOutputs()?['body/cr21b_departmentcontribution']}\nComments: @{triggerOutputs()?['body/cr21b_comments']}","WebhookApprovalCreationInput/requestor":"@{triggerOutputs()?['body/cr21b_requestedby']};","WebhookApprovalCreationInput/enableNotifications":true,"WebhookApprovalCreationInput/enableReassignment":true},"authentication":"@parameters('$authentication')"}},"Condition":{"actions":{"Update_a_row":{"runAfter":{},"type":"OpenApiConnection","inputs":{"host":{"connectionName":"shared_commondataserviceforapps","operationId":"UpdateRecord","apiId":"/providers/Microsoft.PowerApps/apis/shared_commondataserviceforapps"},"parameters":{"entityName":"cr21b_deviceorders","recordId":"@triggerOutputs()?['body/cr21b_deviceorderid']","item/cr21b_approvalchoice":127440000,"item/cr21b_approveddate":"@utcNow()","item/cr21b_comments":"@triggerOutputs()?['body/cr21b_comments']"},"authentication":"@parameters('$authentication')"}},"Send_an_email_(V2)":{"runAfter":{"Update_a_row":["Succeeded"]},"type":"OpenApiConnection","inputs":{"host":{"connectionName":"shared_office365","operationId":"SendEmailV2","apiId":"/providers/Microsoft.PowerApps/apis/shared_office365"},"parameters":{"emailMessage/To":"@triggerOutputs()?['body/cr21b_requestedby']","emailMessage/Subject":"Your device order has been approved","emailMessage/Body":"<p>Your device has been approved @{triggerOutputs()?['body/cr21b_devicename']}<br>\nEstimated ship date: @{triggerOutputs()?['body/cr21b_estimatedshipdate']}<br>\n@{outputs('Start_and_wait_for_an_approval')?['body/responseSummary']}</p>"},"authentication":"@parameters('$authentication')"}},"Post_a_message_as_the_Flow_bot_to_a_user":{"runAfter":{"Send_an_email_(V2)":["Succeeded"]},"type":"OpenApiConnection","inputs":{"host":{"connectionName":"shared_teams","operationId":"PostUserNotification","apiId":"/providers/Microsoft.PowerApps/apis/shared_teams"},"parameters":{"PostNotificationRequest/recipient/to":"@{triggerOutputs()?['body/cr21b_requestedby']};","PostNotificationRequest/messageBody":"Your device has been approved @{triggerOutputs()?['body/cr21b_devicename']}\nEstimated Ship Date: @{triggerOutputs()?['body/cr21b_estimatedshipdate']}","PostNotificationRequest/messageTitle":"Your device order has been approved!"},"authentication":"@parameters('$authentication')"}}},"runAfter":{"Start_and_wait_for_an_approval":["Succeeded"]},"else":{"actions":{"Update_a_row_2":{"runAfter":{},"type":"OpenApiConnection","inputs":{"host":{"connectionName":"shared_commondataserviceforapps","operationId":"UpdateRecord","apiId":"/providers/Microsoft.PowerApps/apis/shared_commondataserviceforapps"},"parameters":{"entityName":"cr21b_deviceorders","recordId":"@triggerOutputs()?['body/cr21b_deviceorderid']","item/cr21b_approvalchoice":127440001,"item/cr21b_approveddate":"@utcNow()","item/cr21b_comments":"@triggerOutputs()?['body/cr21b_comments']"},"authentication":"@parameters('$authentication')"}},"Send_an_email_(V2)_2":{"runAfter":{"Update_a_row_2":["Succeeded"]},"type":"OpenApiConnection","inputs":{"host":{"connectionName":"shared_office365","operationId":"SendEmailV2","apiId":"/providers/Microsoft.PowerApps/apis/shared_office365"},"parameters":{"emailMessage/To":"@triggerOutputs()?['body/cr21b_requestedby']","emailMessage/Subject":"Your device order was not approved","emailMessage/Body":"<p>Sorry your request for &nbsp;@{triggerOutputs()?['body/cr21b_devicename']} was NOT APPROVED<br>\n<br>\n@{outputs('Start_and_wait_for_an_approval')?['body/responseSummary']}</p>"},"authentication":"@parameters('$authentication')"}},"Post_a_message_as_the_Flow_bot_to_a_user_2":{"runAfter":{"Send_an_email_(V2)_2":["Succeeded"]},"type":"OpenApiConnection","inputs":{"host":{"connectionName":"shared_teams","operationId":"PostUserNotification","apiId":"/providers/Microsoft.PowerApps/apis/shared_teams"},"parameters":{"PostNotificationRequest/recipient/to":"@{triggerOutputs()?['body/cr21b_requestedby']};","PostNotificationRequest/messageBody":"Your device request for @{triggerOutputs()?['body/cr21b_devicename']}was not approved\n","PostNotificationRequest/messageTitle":"Your device order was not approved"},"authentication":"@parameters('$authentication')"}}}},"expression":{"equals":["@outputs('Start_and_wait_for_an_approval')?['body/outcome']","Approve"]},"type":"If"}},"outputs":{}}},"schemaVersion":"1.0.0.0"}